马家堡  翠林二里 1室1厅,https://www.danke.com/room/1678174952.html,建筑面积约43㎡,2楼,4号线大兴线,马家堡站,750米,https://public.danke.com.cn/public-20181106-FnLaYeLP7warP_P9QluRXvw9pPoQ?imageView2/1/w/380/h/285
广渠门外  南水关 2室1厅,https://www.danke.com/room/1977299989.html,建筑面积约62㎡,5楼,7号线、17号线,广渠门外站,650米,https://public.danke.com.cn/public-20190327-FjeEiySusjtW6AzLgOlGzy1h8bgh?imageView2/1/w/380/h/285
惠新西街北口  安慧里二区 1室1厅,https://www.danke.com/room/21312388.html,建筑面积约41㎡,11楼,5号线,惠新西街北口站,900米,https://public.danke.com.cn/public-20190705-FtLQ6paDm7B-VrkCiRnveNG2bKUv?imageView2/1/w/380/h/285
临河里  小街之春 1室1厅,https://www.danke.com/room/1695800001.html,建筑面积约53㎡,3楼,八通线,临河里站,850米,https://public.danke.com.cn/public-20190430-FvA_nEXfmJr337cSjyIwxqkqtilK?imageView2/1/w/380/h/285
刘家窑  筑梦园 1室1厅,https://www.danke.com/room/1759793636.html,建筑面积约55㎡,20楼,5号线,刘家窑站,350米,https://public.danke.com.cn/public-20180329-Fq05H8vJwY0Ma-OxmWV185-VHlKE?imageView2/1/w/380/h/285
方庄  紫芳园六区 1室1厅,https://www.danke.com/room/1815137062.html,建筑面积约72㎡,13楼,14号线,东段方庄站,750米,https://public.danke.com.cn/public-20181128-Frp7XxKL8AfVmVeXRBUhOHOho5C2?imageView2/1/w/380/h/285
惠新西街北口  欧陆经典万兴苑 1室1厅,https://www.danke.com/room/2064304649.html,建筑面积约54㎡,11楼,5号线,惠新西街北口站,850米,https://public.danke.com.cn/public-20190605-Fl74y5fOz9akiDP-VClDV_hPcuOE?imageView2/1/w/380/h/285
景泰  蒲黄榆三里 2室1厅,https://www.danke.com/room/1223078456.html,建筑面积约50㎡,6楼,14号线,东段景泰站,600米,https://public.danke.com.cn/public-20180312-Fh2dHqQxBXExbmDjbx_GJgMq_9O2?imageView2/1/w/380/h/285
积水潭  文慧园北路甲6号院 1室1厅,https://www.danke.com/room/1574931534.html,建筑面积约32㎡,1楼,2号线、19号线,积水潭站,1050米,https://public.danke.com.cn/public-20190709-FqjJhuk_CMmiObm5cKiH0mxn-0_O?imageView2/1/w/380/h/285
丰台南路  南开西里 1室1厅,https://www.danke.com/room/1372640182.html,建筑面积约42㎡,4楼,9号线,丰台南路站,1300米,https://public.danke.com.cn/public-20190826-FmRgI5bWOWI4vYjONULO0v3f7ysJ?imageView2/1/w/380/h/285
育新  育新花园 1室1厅,https://www.danke.com/room/732668052.html,建筑面积约48㎡,2楼,8号线,育新站,400米,https://public.danke.com.cn/public-20190819-FvWhytvzMT41GC9dwLKmFOMZ6v00?imageView2/1/w/380/h/285
北苑  华贸城7号院 1室1厅,https://www.danke.com/room/1663021104.html,建筑面积约54㎡,15楼,13号线,北苑站,650米,https://public.danke.com.cn/public-20190115-FgEBnCzZ8tPAIVS4WDL3nQ2BR5Z9?imageView2/1/w/380/h/285
潘家园  潘家园东里 1室1厅,https://www.danke.com/room/922840259.html,建筑面积约54㎡,9楼,10号线,潘家园站,700米,//pangu-s1.danke.com.cn/build/img/room/no-picture-e63a495fc7.jpg??imageView2/1/w/380/h/285
人民大学  双安青年公寓 1室1厅,https://www.danke.com/room/1645363346.html,建筑面积约42㎡,7楼,4号线大兴线、12号线,人民大学站,500米,https://public.danke.com.cn/public-20190818-Fjf9J6A42m3WKo17K8IX3u805t_s?imageView2/1/w/380/h/285
北工大西门  松榆东里 1室1厅,https://www.danke.com/room/1316882510.html,建筑面积约45㎡,3楼,14号线,东段北工大西门站,400米,https://public.danke.com.cn/public-20181111-FlsLNzeCpbG_jm6xpI-bSbkdzRoL?imageView2/1/w/380/h/285
北京西站  北蜂窝中路甲8号院 1室1厅,https://www.danke.com/room/1809477530.html,建筑面积约43㎡,4楼,9号线、7号线,北京西站站,800米,https://public.danke.com.cn/public-20190328-FtqBFWgAquCPpqCszpSCQIExhAE9?imageView2/1/w/380/h/285
达官营  莲花池东路9号院 1室1厅,https://www.danke.com/room/1865271894.html,建筑面积约48㎡,1楼,7号线、16号线,达官营站,900米,https://public.danke.com.cn/public-20180103-Fg2PE-YitIigJIf9OMYT9PbKaz7J?imageView2/1/w/380/h/285
牡丹园  月季园（牡丹园） 2室1厅,https://www.danke.com/room/549890612.html,建筑面积约51㎡,1楼,10号线、19号线,牡丹园站,550米,https://public.danke.com.cn/public-20190302-FvYQ9p_XseYYYP_2weLYq4Gynw3f?imageView2/1/w/380/h/285
角门西  明日嘉园 1室1厅,https://www.danke.com/room/1320324144.html,建筑面积约39㎡,11楼,10号线、4号线大兴线,角门西站,450米,https://public.danke.com.cn/public-20181127-Fihzl3VA68wECdTgFKnBsiHaJd0Z?imageView2/1/w/380/h/285
草桥  南珠苑 1室1厅,https://www.danke.com/room/1543042967.html,建筑面积约58㎡,1楼,10号线、19号线、新机场线,草桥站,700米,https://public.danke.com.cn/public-20190826-FjAXJIJfvk-oaC8TSxxUU2OOCo_l?imageView2/1/w/380/h/285
马家堡  翠林二里 1室1厅,https://www.danke.com/room/1678174952.html,建筑面积约43㎡,2楼,4号线大兴线,马家堡站,750米,https://public.danke.com.cn/public-20181106-FnLaYeLP7warP_P9QluRXvw9pPoQ?imageView2/1/w/380/h/285
广渠门外  南水关 2室1厅,https://www.danke.com/room/1977299989.html,建筑面积约62㎡,5楼,7号线、17号线,广渠门外站,650米,https://public.danke.com.cn/public-20190327-FjeEiySusjtW6AzLgOlGzy1h8bgh?imageView2/1/w/380/h/285
惠新西街北口  安慧里二区 1室1厅,https://www.danke.com/room/21312388.html,建筑面积约41㎡,11楼,5号线,惠新西街北口站,900米,https://public.danke.com.cn/public-20190705-FtLQ6paDm7B-VrkCiRnveNG2bKUv?imageView2/1/w/380/h/285
临河里  小街之春 1室1厅,https://www.danke.com/room/1695800001.html,建筑面积约53㎡,3楼,八通线,临河里站,850米,https://public.danke.com.cn/public-20190430-FvA_nEXfmJr337cSjyIwxqkqtilK?imageView2/1/w/380/h/285
刘家窑  筑梦园 1室1厅,https://www.danke.com/room/1759793636.html,建筑面积约55㎡,20楼,5号线,刘家窑站,350米,https://public.danke.com.cn/public-20180329-Fq05H8vJwY0Ma-OxmWV185-VHlKE?imageView2/1/w/380/h/285
方庄  紫芳园六区 1室1厅,https://www.danke.com/room/1815137062.html,建筑面积约72㎡,13楼,14号线,东段方庄站,750米,https://public.danke.com.cn/public-20181128-Frp7XxKL8AfVmVeXRBUhOHOho5C2?imageView2/1/w/380/h/285
惠新西街北口  欧陆经典万兴苑 1室1厅,https://www.danke.com/room/2064304649.html,建筑面积约54㎡,11楼,5号线,惠新西街北口站,850米,https://public.danke.com.cn/public-20190605-Fl74y5fOz9akiDP-VClDV_hPcuOE?imageView2/1/w/380/h/285
景泰  蒲黄榆三里 2室1厅,https://www.danke.com/room/1223078456.html,建筑面积约50㎡,6楼,14号线,东段景泰站,600米,https://public.danke.com.cn/public-20180312-Fh2dHqQxBXExbmDjbx_GJgMq_9O2?imageView2/1/w/380/h/285
积水潭  文慧园北路甲6号院 1室1厅,https://www.danke.com/room/1574931534.html,建筑面积约32㎡,1楼,2号线、19号线,积水潭站,1050米,https://public.danke.com.cn/public-20190709-FqjJhuk_CMmiObm5cKiH0mxn-0_O?imageView2/1/w/380/h/285
丰台南路  南开西里 1室1厅,https://www.danke.com/room/1372640182.html,建筑面积约42㎡,4楼,9号线,丰台南路站,1300米,https://public.danke.com.cn/public-20190826-FmRgI5bWOWI4vYjONULO0v3f7ysJ?imageView2/1/w/380/h/285
育新  育新花园 1室1厅,https://www.danke.com/room/732668052.html,建筑面积约48㎡,2楼,8号线,育新站,400米,https://public.danke.com.cn/public-20190819-FvWhytvzMT41GC9dwLKmFOMZ6v00?imageView2/1/w/380/h/285
北苑  华贸城7号院 1室1厅,https://www.danke.com/room/1663021104.html,建筑面积约54㎡,15楼,13号线,北苑站,650米,https://public.danke.com.cn/public-20190115-FgEBnCzZ8tPAIVS4WDL3nQ2BR5Z9?imageView2/1/w/380/h/285
潘家园  潘家园东里 1室1厅,https://www.danke.com/room/922840259.html,建筑面积约54㎡,9楼,10号线,潘家园站,700米,//pangu-s1.danke.com.cn/build/img/room/no-picture-e63a495fc7.jpg??imageView2/1/w/380/h/285
人民大学  双安青年公寓 1室1厅,https://www.danke.com/room/1645363346.html,建筑面积约42㎡,7楼,4号线大兴线、12号线,人民大学站,500米,https://public.danke.com.cn/public-20190818-Fjf9J6A42m3WKo17K8IX3u805t_s?imageView2/1/w/380/h/285
北工大西门  松榆东里 1室1厅,https://www.danke.com/room/1316882510.html,建筑面积约45㎡,3楼,14号线,东段北工大西门站,400米,https://public.danke.com.cn/public-20181111-FlsLNzeCpbG_jm6xpI-bSbkdzRoL?imageView2/1/w/380/h/285
北京西站  北蜂窝中路甲8号院 1室1厅,https://www.danke.com/room/1809477530.html,建筑面积约43㎡,4楼,9号线、7号线,北京西站站,800米,https://public.danke.com.cn/public-20190328-FtqBFWgAquCPpqCszpSCQIExhAE9?imageView2/1/w/380/h/285
达官营  莲花池东路9号院 1室1厅,https://www.danke.com/room/1865271894.html,建筑面积约48㎡,1楼,7号线、16号线,达官营站,900米,https://public.danke.com.cn/public-20180103-Fg2PE-YitIigJIf9OMYT9PbKaz7J?imageView2/1/w/380/h/285
牡丹园  月季园（牡丹园） 2室1厅,https://www.danke.com/room/549890612.html,建筑面积约51㎡,1楼,10号线、19号线,牡丹园站,550米,https://public.danke.com.cn/public-20190302-FvYQ9p_XseYYYP_2weLYq4Gynw3f?imageView2/1/w/380/h/285
角门西  明日嘉园 1室1厅,https://www.danke.com/room/1320324144.html,建筑面积约39㎡,11楼,10号线、4号线大兴线,角门西站,450米,https://public.danke.com.cn/public-20181127-Fihzl3VA68wECdTgFKnBsiHaJd0Z?imageView2/1/w/380/h/285
草桥  南珠苑 1室1厅,https://www.danke.com/room/1543042967.html,建筑面积约58㎡,1楼,10号线、19号线、新机场线,草桥站,700米,https://public.danke.com.cn/public-20190826-FjAXJIJfvk-oaC8TSxxUU2OOCo_l?imageView2/1/w/380/h/285
十里堡  八里庄东里 1室1厅,https://www.danke.com/room/1254257932.html,建筑面积约46㎡,6楼,6号线,十里堡站,600米,//pangu-s1.danke.com.cn/build/img/room/no-picture-e63a495fc7.jpg??imageView2/1/w/380/h/285
广安门内  立恒名苑 1室1厅,https://www.danke.com/room/281248831.html,建筑面积约77㎡,12楼,7号线,广安门内站,1100米,https://public.danke.com.cn/public-20181109-FktlNDfwRM4pUc-QCdSvXHmwDo4l?imageView2/1/w/380/h/285
柳芳  柳芳北里社区 1室1厅,https://www.danke.com/room/697359130.html,建筑面积约43㎡,15楼,13号线,柳芳站,550米,//pangu-s1.danke.com.cn/build/img/room/no-picture-e63a495fc7.jpg??imageView2/1/w/380/h/285
劲松  农光东里 1室1厅,https://www.danke.com/room/1218655288.html,建筑面积约50㎡,14楼,10号线,劲松站,700米,//pangu-s1.danke.com.cn/build/img/room/no-picture-e63a495fc7.jpg??imageView2/1/w/380/h/285
北沙滩  志新村 1室1厅,https://www.danke.com/room/709444822.html,建筑面积约60㎡,1楼,15号线,北沙滩站,1300米,//pangu-s1.danke.com.cn/build/img/room/no-picture-e63a495fc7.jpg??imageView2/1/w/380/h/285
回龙观东大街  霍营小区 2室1厅,https://www.danke.com/room/1451795079.html,建筑面积约63㎡,4楼,8号线,回龙观东大街站,850米,//pangu-s1.danke.com.cn/build/img/room/no-picture-e63a495fc7.jpg??imageView2/1/w/380/h/285
十里堡  石佛营西里 1室1厅,https://www.danke.com/room/793091379.html,建筑面积约48㎡,4楼,6号线,十里堡站,1150米,https://public.danke.com.cn/public-20190825-FrMcfyqg0EL6mgd51GXEuptnm0an?imageView2/1/w/380/h/285
九棵树  葛布店南里 1室1厅,https://www.danke.com/room/1952008635.html,建筑面积约42㎡,3楼,八通线,九棵树站,300米,//pangu-s1.danke.com.cn/build/img/room/no-picture-e63a495fc7.jpg??imageView2/1/w/380/h/285
通州北关  滨河家园 1室1厅,https://www.danke.com/room/655395504.html,建筑面积约55㎡,26楼,6号线,通州北关站,1050米,//pangu-s1.danke.com.cn/build/img/room/no-picture-e63a495fc7.jpg??imageView2/1/w/380/h/285
果园  果园西小区 1室1厅,https://www.danke.com/room/785629509.html,建筑面积约62㎡,3楼,八通线,果园站,450米,//pangu-s1.danke.com.cn/build/img/room/no-picture-e63a495fc7.jpg??imageView2/1/w/380/h/285
广安门内  天宁寺东里 1室1厅,https://www.danke.com/room/34892695.html,建筑面积约35㎡,4楼,7号线,广安门内站,900米,//pangu-s1.danke.com.cn/build/img/room/no-picture-e63a495fc7.jpg??imageView2/1/w/380/h/285
北运河东  河畔丽景 1室1厅,https://www.danke.com/room/252661728.html,建筑面积约74㎡,13楼,6号线,北运河西站,1300米,//pangu-s1.danke.com.cn/build/img/room/no-picture-e63a495fc7.jpg??imageView2/1/w/380/h/285
黄渠  常营民族家园 2室1厅,https://www.danke.com/room/1188861828.html,建筑面积约84㎡,1楼,6号线,黄渠站,800米,https://public.danke.com.cn/public-20181019-FpW0eVrxDJaLwsNXrVlLQLm5Nyor?imageView2/1/w/380/h/285
管庄  北京新天地 2室1厅,https://www.danke.com/room/181001951.html,建筑面积约72㎡,10楼,八通线,管庄站,750米,https://public.danke.com.cn/public-20181121-FnY0SgdOLafev6KDGdchoU1Sf6OL?imageView2/1/w/380/h/285
鼓楼大街  小市口胡同3号院 2室1厅,https://www.danke.com/room/1243693098.html,建筑面积约60㎡,4楼,2号线、8号线,鼓楼大街站,750米,https://public.danke.com.cn/public-20190319-Fovh0B6pI51Gq9olH7Oyrow2lBT2?imageView2/1/w/380/h/285
望京南  蓝色家园 1室1厅,https://www.danke.com/room/1073566264.html,建筑面积约71㎡,5楼,12号线,高家园站,900米,https://public.danke.com.cn/public-20190122-FlBGUoPiRjHavnFNkTXsZoGQeMuS?imageView2/1/w/380/h/285
芍药居  芍药居北里 1室1厅,https://www.danke.com/room/831948764.html,建筑面积约55㎡,16楼,13号线、10号线,芍药居站,1050米,https://public.danke.com.cn/public-20190412-FupG0AnHWwEyMjW8skW1L6j-Jtka?imageView2/1/w/380/h/285
东四十条  太平庄南里 2室1厅,https://www.danke.com/room/1102963190.html,建筑面积约39㎡,6楼,2号线、3号线,东四十条站,900米,https://public.danke.com.cn/public-20180803-FpX1-lkUzAzGTc25NUNRCXAygap4?imageView2/1/w/380/h/285
临河里  小街之春 1室1厅,https://www.danke.com/room/1122423033.html,建筑面积约53㎡,5楼,八通线,临河里站,850米,https://public.danke.com.cn/public-20190430-Fkaugvf_MAqss8ck-DnQaTm7QgR4?imageView2/1/w/380/h/285
古城  古城路小区 1室1厅,https://www.danke.com/room/704304931.html,建筑面积约38㎡,4楼,1号线,古城站,950米,https://public.danke.com.cn/public-20181010-Fus2aujj4pQFewdbCQiQ13Ny4nwI?imageView2/1/w/380/h/285
惠新西街南口  惠新里 2室1厅,https://www.danke.com/room/59272481.html,建筑面积约53㎡,3楼,5号线、10号线,惠新西街南口站,500米,https://public.danke.com.cn/public-20190613-FuVewQGH87dKDareCECjgNrdro3F?imageView2/1/w/380/h/285
达官营  京铁和园 1室1厅,https://www.danke.com/room/445503923.html,建筑面积约37㎡,19楼,7号线、16号线,达官营站,1600米,https://public.danke.com.cn/public-20181030-FjWBdpNIEYYGAOqEjt8_sel97tBL?imageView2/1/w/380/h/285
广渠门外  领行国际 1室1厅,https://www.danke.com/room/37844534.html,建筑面积约62㎡,23楼,7号线、17号线,广渠门外站,600米,https://public.danke.com.cn/public-20180906-FicIcyEIH3gXNa30nKR19wTSa2OL?imageView2/1/w/380/h/285
海户屯  马公庄 1室1厅,https://www.danke.com/room/1286395050.html,建筑面积约43㎡,7楼,8号线,南段海户屯站,750米,https://public.danke.com.cn/public-20181001-FmtCIiCYYTr9DGW9LTc2PlA1RWwB?imageView2/1/w/380/h/285
永定门外  城市亮点 1室1厅,https://www.danke.com/room/607642586.html,建筑面积约45㎡,1楼,8号线南段、14号线,东段永定门外站,250米,https://public.danke.com.cn/public-20181204-FvKTsN0Ed5qPNF4p_BJPN0Je7EOe?imageView2/1/w/380/h/285
新宫  公园懿府 1室1厅,https://www.danke.com/room/1611581730.html,建筑面积约53㎡,4楼,4号线大兴线、19号线,新宫站,2400米,https://public.danke.com.cn/public-20180609-Fk5cQ1MVslSlc6mQvomF6Aik20sN?imageView2/1/w/380/h/285
百子湾  沿海赛洛城 1室1厅,https://www.danke.com/room/2098873671.html,建筑面积约54㎡,7楼,7号线,百子湾站,650米,https://public.danke.com.cn/public-20181022-FkGzmwa9Pd7n3sNkh1tMgytVZrBJ?imageView2/1/w/380/h/285
六里桥  吴家村路10号院 1室1厅,https://www.danke.com/room/930163210.html,建筑面积约43㎡,1楼,9号线、10号线,六里桥站,1050米,https://public.danke.com.cn/public-20181029-FjACgZ5-jP2zrBcLivh6ddW4UwpK?imageView2/1/w/380/h/285
玉泉路  玉泉路甲65号院 1室1厅,https://www.danke.com/room/819920851.html,建筑面积约38㎡,6楼,1号线,玉泉路站,950米,https://public.danke.com.cn/public-20190712-FmBZVRq-OtU05FH2Sm4xpCTv5dBi?imageView2/1/w/380/h/285
魏公村  大柳树甲17号院 1室1厅,https://www.danke.com/room/1710578745.html,建筑面积约38㎡,3楼,4号线大兴线,魏公村站,1050米,https://public.danke.com.cn/public-20190704-FiIEwgT1lPUxvzIUcS_eL53Da-W7?imageView2/1/w/380/h/285
方庄  紫芳园一区 2室1厅,https://www.danke.com/room/1491184421.html,建筑面积约67㎡,1楼,14号线,东段方庄站,300米,https://public.danke.com.cn/public-20190629-FpXvKvIE2k_TfXaYspelLN4ojdJ2?imageView2/1/w/380/h/285
九龙山  九龙花园 1室1厅,https://www.danke.com/room/334880009.html,建筑面积约63㎡,17楼,7号线、14号线,东段九龙山站,650米,https://public.danke.com.cn/public-20181127-FgH6CejISBmanvlDR0ZL4sdeMauO?imageView2/1/w/380/h/285
火器营  怡丽北园 1室1厅,https://www.danke.com/room/1926894922.html,建筑面积约54㎡,4楼,10号线,火器营站,850米,https://public.danke.com.cn/public-20190709-FiqqC4-OHmcOOX3tc9YmsTPLwV8e?imageView2/1/w/380/h/285
三元桥  静安东里 1室1厅,https://www.danke.com/room/1668651594.html,建筑面积约42㎡,1楼,10号线、12号线、机场线,三元桥站,550米,https://public.danke.com.cn/public-20180730-lo33VstofxlR2j0wXUoxfpyFPuDX?imageView2/1/w/380/h/285
通州北苑  长城国际 1室1厅,https://www.danke.com/room/239278209.html,建筑面积约43㎡,11楼,八通线,通州北苑站,1050米,https://public.danke.com.cn/public-20190707-FjDVYC3ywubwxTBBenkuxM9o5jl4?imageView2/1/w/380/h/285
九龙山  金港国际 1室1厅,https://www.danke.com/room/1153387067.html,建筑面积约55㎡,10楼,7号线、14号线,东段九龙山站,500米,https://public.danke.com.cn/public-20190702-FifpxC4oKZ7FOHRPEoGpVF5Nc7n3?imageView2/1/w/380/h/285
方庄  芳城园三区 2室1厅,https://www.danke.com/room/980523166.html,建筑面积约76㎡,19楼,14号线,东段方庄站,500米,https://public.danke.com.cn/public-20190705-FvIFwUxfr4BQ8UrZ7YuWt5aqi4sb?imageView2/1/w/380/h/285
惠新西街南口  小关东街 2室1厅,https://www.danke.com/room/2112840507.html,建筑面积约53㎡,2楼,5号线、10号线,惠新西街南口站,500米,https://public.danke.com.cn/public-20190712-Fh7ry8FmUcb-8obE4ulD6lcNXiEq?imageView2/1/w/380/h/285
西红门  鸿坤理想城八期 1室1厅,https://www.danke.com/room/1740642445.html,建筑面积约44㎡,6楼,4号线大兴线,西红门站,1250米,https://public.danke.com.cn/public-20190706-FpaD-wtlKdrSd6gMENrJUkJoCYtM?imageView2/1/w/380/h/285
潘家园  潘家园小区 1室1厅,https://www.danke.com/room/850591496.html,建筑面积约40㎡,5楼,10号线,潘家园站,1000米,https://public.danke.com.cn/public-20180830-Fv_ulF9lvWgxm1IoZ62gSRbXEP3h?imageView2/1/w/380/h/285
金台路  甜水园北里 1室1厅,https://www.danke.com/room/410868455.html,建筑面积约51㎡,4楼,6号线、14号线,东段金台路站,650米,https://public.danke.com.cn/public-20181110-FnKbPDz-DDoAZomT995I-7pyCjNK?imageView2/1/w/380/h/285
九龙山  九龙花园 1室1厅,https://www.danke.com/room/1900177944.html,建筑面积约52㎡,19楼,7号线、14号线,东段九龙山站,650米,https://public.danke.com.cn/public-20190613-FsxMpzY62kH2x2BEUK95nHSoF809?imageView2/1/w/380/h/285
广渠门内  本家润园C区 1室1厅,https://www.danke.com/room/690159516.html,建筑面积约47㎡,11楼,7号线,广渠门内站,200米,https://public.danke.com.cn/public-20190217-FjxT06b8jOpZRMBOTaqjtcrutw3R?imageView2/1/w/380/h/285
青年路  国美第一城3号院 2室1厅,https://www.danke.com/room/585979368.html,建筑面积约87㎡,14楼,6号线,青年路站,1200米,https://public.danke.com.cn/public-20181010-FgC08eqbAqZNJS6wh5AatV3um1FO?imageView2/1/w/380/h/285
首经贸  万年花城三期玫瑰碗 1室1厅,https://www.danke.com/room/1774994.html,建筑面积约56㎡,6楼,10号线、房山线,首经贸站,550米,https://public.danke.com.cn/public-20180816-Foa3Iq9Y_ci3NG8n7-rjSmiU7cbJ?imageView2/1/w/380/h/285
六里桥  吴家村路10号院 1室1厅,https://www.danke.com/room/1147136197.html,建筑面积约68㎡,2楼,9号线、10号线,六里桥站,1050米,https://public.danke.com.cn/public-20190715-FuCVsx8Op0s8vedLzZE4reHWFo_5?imageView2/1/w/380/h/285
广渠门内  绿景苑 1室1厅,https://www.danke.com/room/405049329.html,建筑面积约34㎡,6楼,7号线,广渠门内站,650米,https://public.danke.com.cn/public-20181129-FgQWXeOpz60kEJD5krUbkeNiMWSb?imageView2/1/w/380/h/285
东直门  港湾国际 1室1厅,https://www.danke.com/room/2130406272.html,建筑面积约39㎡,10楼,2号线、13号线、机场线,东直门站,1000米,https://public.danke.com.cn/public-20190604-Fr-Eedn4luupot8P534PE-23nG7B?imageView2/1/w/380/h/285
太阳宫  曙光里 1室1厅,https://www.danke.com/room/1914275459.html,建筑面积约43㎡,6楼,10号线、17号线,太阳宫站,650米,https://public.danke.com.cn/public-20190813-FoC09pnelMF8O0qwO-7Ww7xq8QCS?imageView2/1/w/380/h/285
太阳宫  曙光里 1室1厅,https://www.danke.com/room/1822315918.html,建筑面积约40㎡,6楼,10号线、17号线,太阳宫站,650米,https://public.danke.com.cn/public-20190813-FoC09pnelMF8O0qwO-7Ww7xq8QCS?imageView2/1/w/380/h/285
义和庄  恒大未来城 1室1厅,https://www.danke.com/room/1178598172.html,建筑面积约62㎡,10楼,4号线大兴线,义和庄站,400米,https://public.danke.com.cn/public-20180601-FjBoEmz8GBgA4j_vNobzNVKQcXz9?imageView2/1/w/380/h/285
果园  新华联家园南区 2室1厅,https://www.danke.com/room/1389090642.html,建筑面积约94㎡,1楼,八通线,果园站,650米,https://public.danke.com.cn/public-20190724-Fk-uq1NP1mt7h94nAvi6T8aFjCbP?imageView2/1/w/380/h/285
立水桥南  北苑家园茉藜园 1室1厅,https://www.danke.com/room/1777168307.html,建筑面积约56㎡,26楼,5号线,立水桥南站,850米,https://public.danke.com.cn/public-20181228-FpHoF90Sr8Ly8KnWn_N-sY7hi0xN?imageView2/1/w/380/h/285
梨园  云景里北区 2室1厅,https://www.danke.com/room/1343074095.html,建筑面积约84㎡,5楼,八通线,梨园站,950米,https://public.danke.com.cn/public-20190721-Fq3qUwkPPhxxzWS021Ik96AOQWuY?imageView2/1/w/380/h/285
广渠门外  冠城名敦道 1室1厅,https://www.danke.com/room/661545926.html,建筑面积约63㎡,9楼,7号线、17号线,广渠门外站,100米,https://public.danke.com.cn/public-20190811-FsmgnkPxEc6wN-U6XSFLhc4Ekvxx?imageView2/1/w/380/h/285
古城  首钢古城西路 1室1厅,https://www.danke.com/room/1115934194.html,建筑面积约41㎡,5楼,1号线,古城站,950米,https://public.danke.com.cn/public-20181119-FhyYoerH3HJnU4L0kDxSGyyytNOn?imageView2/1/w/380/h/285
金台路  甜水园街 2室1厅,https://www.danke.com/room/641234965.html,建筑面积约63㎡,5楼,6号线、14号线,东段金台路站,500米,https://public.danke.com.cn/public-20180808-FpT82QX7Wa0IX9WnldtxuGmGDwqt?imageView2/1/w/380/h/285
潘家园  华威西里 1室1厅,https://www.danke.com/room/336774875.html,建筑面积约42㎡,4楼,10号线,潘家园站,650米,https://public.danke.com.cn/public-20190724-FrSEJVhp-7UbsY0Bbv1rWtH0-mCE?imageView2/1/w/380/h/285
土桥  欣桥家园 1室1厅,https://www.danke.com/room/62204469.html,建筑面积约59㎡,3楼,八通线,土桥站,1150米,https://public.danke.com.cn/public-20190816-FjZ2mXVo4MsajdvQXkdypsWOXIP7?imageView2/1/w/380/h/285
临河里  海棠湾一期 1室1厅,https://www.danke.com/room/379097880.html,建筑面积约40㎡,2楼,八通线,临河里站,1250米,https://public.danke.com.cn/public-20180920-FnrXWnKejt3xCV9bzzOIUZqIJMQE?imageView2/1/w/380/h/285
东风北桥  瞰都国际 1室1厅,https://www.danke.com/room/654084963.html,建筑面积约60㎡,2楼,14号线东段、平谷线,东风北桥站,300米,https://public.danke.com.cn/public-20190430-FvG2KO-_6uClveP0RsesVqlNw6z1?imageView2/1/w/380/h/285
劲松  富顿中心D座 1室1厅,https://www.danke.com/room/197567580.html,建筑面积约48㎡,2楼,10号线,劲松站,150米,https://public.danke.com.cn/public-20181228-FvpK0VIHFnP0CPAhxdiWgILBFzKH?imageView2/1/w/380/h/285
大屯路东  主场 1室1厅,https://www.danke.com/room/1838548677.html,建筑面积约57㎡,13楼,5号线、15号线,大屯路东站,400米,https://public.danke.com.cn/public-20190727-Fpk89uDtsksYLK3WhR04QE0RBb2q?imageView2/1/w/380/h/285
望京南  蓝色家园 1室1厅,https://www.danke.com/room/808558753.html,建筑面积约71㎡,3楼,12号线,高家园站,900米,https://public.danke.com.cn/public-20190122-FmOSaCEMMi2-plPab5EVatxoOnmw?imageView2/1/w/380/h/285
五道口  王庄路27号院 1室1厅,https://www.danke.com/room/93657469.html,建筑面积约42㎡,4楼,13号线,五道口站,350米,https://public.danke.com.cn/public-20190725-FjLLewTgAPhZ8zHGDyQ7oHMKBA34?imageView2/1/w/380/h/285
北京南站  洋桥北里 1室1厅,https://www.danke.com/room/776665371.html,建筑面积约48㎡,14楼,4号线大兴线、14号线,东段北京南站站,300米,https://public.danke.com.cn/public-20181125-Fib_2SVgw1Y6TTY3VixifEcg2Zja?imageView2/1/w/380/h/285
潘家园  百环花园 1室1厅,https://www.danke.com/room/2036927550.html,建筑面积约62㎡,12楼,10号线,潘家园站,250米,https://public.danke.com.cn/public-20181209-FiVEhr9RCOLkMgg7kFq0Umpaqh1o?imageView2/1/w/380/h/285
达官营  马连道中里 1室1厅,https://www.danke.com/room/1372106977.html,建筑面积约58㎡,10楼,7号线、16号线,达官营站,450米,https://public.danke.com.cn/public-20180514-Fhw6kDNJ8DrBH_zGv6PAOXwiUDS9?imageView2/1/w/380/h/285
潘家园  松榆西里 1室1厅,https://www.danke.com/room/1076759602.html,建筑面积约62㎡,18楼,10号线,潘家园站,650米,https://public.danke.com.cn/public-20181209-FuVxtcrQqoXqYZ_j0v6R_Ikq9eNN?imageView2/1/w/380/h/285
丽泽商务区  金泰城Mini 1室1厅,https://www.danke.com/room/1699997679.html,建筑面积约41㎡,1楼,7号线、16号线,达官营站,2550米,https://public.danke.com.cn/public-20190517-FkEts7D7Rxqfwh4hxgwM9Q0s10Ud?imageView2/1/w/380/h/285
八宝山  远洋山水 1室1厅,https://www.danke.com/room/657231954.html,建筑面积约56㎡,21楼,1号线,八宝山站,650米,https://public.danke.com.cn/public-20180425-FsDka8dqPh0G1Y8tEk9j7mwaENxc?imageView2/1/w/380/h/285
临河里  小街之春 1室1厅,https://www.danke.com/room/451615313.html,建筑面积约57㎡,4楼,八通线,临河里站,850米,https://public.danke.com.cn/public-20181224-Fg62Ur6cnmcwE1JZ8stSQFVnc1wI?imageView2/1/w/380/h/285
望京  望京西园三区 1室1厅,https://www.danke.com/room/353372648.html,建筑面积约82㎡,11楼,14号线东段、15号线,望京站,600米,https://public.danke.com.cn/public-20190323-FtLPP4ek8PMmHM8cTe72ExOb8xLx?imageView2/1/w/380/h/285
北运河西  京贸中心 1室1厅,https://www.danke.com/room/365861979.html,建筑面积约68㎡,15楼,6号线,北运河西站,1050米,https://public.danke.com.cn/public-20180816-Fk24-7Pi-tYpjg5qPjxcEcm6opSh?imageView2/1/w/380/h/285
梨园  云景豪庭 1室1厅,https://www.danke.com/room/1833597492.html,建筑面积约50㎡,13楼,八通线,梨园站,600米,https://public.danke.com.cn/public-20190510-FhcZo-t7wCT7QcBDjhy07o7lGsbG?imageView2/1/w/380/h/285
广渠门内  富贵园三区 1室1厅,https://www.danke.com/room/2101666877.html,建筑面积约55㎡,9楼,7号线,广渠门内站,200米,https://public.danke.com.cn/public-20181222-Fmjar_rJs676s7u_tCjO9YuvVojs?imageView2/1/w/380/h/285
同济南路  兴华嘉园高层 1室1厅,https://www.danke.com/room/1489772449.html,建筑面积约49㎡,4楼,亦庄线,同济南路站,2350米,https://public.danke.com.cn/public-20181116-FpfW5r5e_sCLT_I2l6PwUB8TDI0s?imageView2/1/w/380/h/285
常营  北辰福第中区 1室1厅,https://www.danke.com/room/517108305.html,建筑面积约45㎡,18楼,6号线,常营站,450米,https://public.danke.com.cn/public-20171226-Fojyk3aSBIMTWkEqC5aNRr0krFSL?imageView2/1/w/380/h/285
达官营  朗琴园 1室1厅,https://www.danke.com/room/1524388128.html,建筑面积约58㎡,4楼,7号线、16号线,达官营站,450米,https://public.danke.com.cn/public-20190615-FgXUbQEhtrO5KiX_BtEe9YZI51kc?imageView2/1/w/380/h/285
万寿路  金家村1号院 1室1厅,https://www.danke.com/room/1163620277.html,建筑面积约37㎡,3楼,1号线,万寿路站,1250米,https://public.danke.com.cn/public-20190323-FgskhNVSBQjWbRbE12htnruB-S-k?imageView2/1/w/380/h/285
十里堡  八里庄西里 2室1厅,https://www.danke.com/room/2127983473.html,建筑面积约55㎡,1楼,6号线,十里堡站,900米,https://public.danke.com.cn/public-20180314-FhUF7AEY8H31uFxo0RPSannxjsSn?imageView2/1/w/380/h/285
梨园  园景东区 1室1厅,https://www.danke.com/room/1785594666.html,建筑面积约49㎡,3楼,八通线,梨园站,150米,https://public.danke.com.cn/public-20181017-Fn5mGis_V5t7_43b_qlOm2_Z321H?imageView2/1/w/380/h/285
惠新西街南口  胜古北里 2室1厅,https://www.danke.com/room/1609631502.html,建筑面积约49㎡,3楼,5号线、10号线,惠新西街南口站,300米,//pangu-s1.danke.com.cn/build/img/room/no-picture-e63a495fc7.jpg??imageView2/1/w/380/h/285
惠新西街北口  欧陆经典万兴苑 1室1厅,https://www.danke.com/room/2125804553.html,建筑面积约57㎡,11楼,5号线,惠新西街北口站,850米,//pangu-s1.danke.com.cn/build/img/room/no-picture-e63a495fc7.jpg??imageView2/1/w/380/h/285
果园  后南仓 1室1厅,https://www.danke.com/room/1165153775.html,建筑面积约40㎡,5楼,八通线,果园站,1050米,https://public.danke.com.cn/public-20190824-FtwAAX32wkjubWvwQPRlE5W6uhg6?imageView2/1/w/380/h/285
通州北苑  通典铭居 1室1厅,https://www.danke.com/room/1361113948.html,建筑面积约62㎡,23楼,八通线,通州北苑站,450米,https://public.danke.com.cn/public-20190804-FrzlFls-Ozv12kXN7EDHO5xqK37P?imageView2/1/w/380/h/285
达官营  荣丰2008 1室1厅,https://www.danke.com/room/472669743.html,建筑面积约25㎡,21楼,7号线、16号线,达官营站,450米,https://public.danke.com.cn/public-20181030-FmCrdc1FCsmCmMJLQxFECMwxqSRs?imageView2/1/w/380/h/285
宋家庄  日新家园 1室1厅,https://www.danke.com/room/60799795.html,建筑面积约69㎡,14楼,5号线、10号线、亦庄线,宋家庄站,650米,https://public.danke.com.cn/public-20190819-FglyB3f8RON3ysbn_LtnNiSwNXJY?imageView2/1/w/380/h/285
潘家园  潘家园东里 1室1厅,https://www.danke.com/room/2035813305.html,建筑面积约43㎡,13楼,10号线,潘家园站,700米,https://public.danke.com.cn/public-20190818-FvBNvyySfWTWfbVw80g1pCMO_aQT?imageView2/1/w/380/h/285
三元桥  曙光西里 1室1厅,https://www.danke.com/room/1036677611.html,建筑面积约39㎡,5楼,10号线、12号线、机场线,三元桥站,700米,https://public.danke.com.cn/public-20171129-Flp28B5K8Tz7iSyQC-X2HoDopXww?imageView2/1/w/380/h/285
十里堡  炫特嘉园 1室1厅,https://www.danke.com/room/1752726986.html,建筑面积约44㎡,1楼,6号线,十里堡站,800米,https://public.danke.com.cn/public-20181029-Fv1jhxv052N2ujf5lg_O0XDaiOLC?imageView2/1/w/380/h/285
通州北苑  鼎晟国际 1室0厅,https://www.danke.com/room/1654143459.html,建筑面积约51㎡,17楼,八通线,通州北苑站,1050米,https://public.danke.com.cn/public-20190730-FnihDbxBb3h5KldObmNXOWWzH-KE?imageView2/1/w/380/h/285
青年路  甘露园南里一区 1室1厅,https://www.danke.com/duanzu/363591091.html,建筑面积约45㎡,5楼,6号线,青年路站,950米,https://public.danke.com.cn/public-20180202-FtHDMRmlCBViQoPFW37FqhR3RlJl?imageView2/1/w/380/h/285
双桥  水岸双桥 1室1厅,https://www.danke.com/room/1575241182.html,建筑面积约52㎡,3楼,八通线,双桥站,250米,https://public.danke.com.cn/public-20181129-FkrlFnpDf117bvRS3ThPF-iDeFZR?imageView2/1/w/380/h/285
永泰庄  北砂小区 1室1厅,https://www.danke.com/room/587176410.html,建筑面积约49㎡,3楼,8号线,永泰庄站,1100米,https://public.danke.com.cn/public-20190809-FldqbAAt4rEyBdP-RHWjnnNU5ihd?imageView2/1/w/380/h/285
望京西  金隅国际 1室1厅,https://www.danke.com/room/195639385.html,建筑面积约57㎡,16楼,13号线、15号线、17号线,望京西站,1300米,https://public.danke.com.cn/public-20181018-Foi8FSS-p478JpZmMmyRCVlQT8uf?imageView2/1/w/380/h/285
育新  泰华龙旗广场 1室1厅,https://www.danke.com/room/1613647061.html,建筑面积约60㎡,23楼,8号线,育新站,550米,https://public.danke.com.cn/public-20190813-Fie6uRWBlj5wwEsUdDli_gVX7GAM?imageView2/1/w/380/h/285
健德门  德胜门外大街1号院 1室1厅,https://www.danke.com/room/1755016244.html,建筑面积约50㎡,4楼,10号线,健德门站,1050米,https://public.danke.com.cn/public-20190818-FqcZYiYhuthjeuBH4hC-WH66wg4m?imageView2/1/w/380/h/285
积水潭  新明胡同 1室1厅,https://www.danke.com/room/39564155.html,建筑面积约44㎡,3楼,2号线、19号线,积水潭站,1300米,https://public.danke.com.cn/public-20190808-Fj5j-mFu3JSSlQ5ctmil_XXqybat?imageView2/1/w/380/h/285
青年路  甘露园南里一区 1室1厅,https://www.danke.com/room/1413686992.html,建筑面积约45㎡,4楼,6号线,青年路站,950米,https://public.danke.com.cn/public-20180630-FpvtaUN9fj96jhTngrtF6NLhxnFc?imageView2/1/w/380/h/285
八角游乐园  八角中里 1室1厅,https://www.danke.com/room/902698421.html,建筑面积约37㎡,1楼,1号线,八角游乐园站,900米,https://public.danke.com.cn/public-20190419-FoZYi1dURmRFV4mK1oZy2FV1eqk5?imageView2/1/w/380/h/285
方庄  10AM新坐标 1室1厅,https://www.danke.com/room/1256110683.html,建筑面积约27㎡,12楼,14号线,东段方庄站,400米,https://public.danke.com.cn/public-20190404-FqF0ujZ_cs4AXAnD6haQ49EPa1vj?imageView2/1/w/380/h/285
广渠门外  CBD总部公寓二期 1室1厅,https://www.danke.com/room/977853739.html,建筑面积约62㎡,4楼,7号线、17号线,广渠门外站,750米,https://public.danke.com.cn/public-20190706-FpRR2OgpB-odADcP0SjQltNs-ltE?imageView2/1/w/380/h/285
旧宫  亦庄北岸 1室1厅,https://www.danke.com/room/920978486.html,建筑面积约38㎡,5楼,亦庄线,旧宫站,1050米,https://public.danke.com.cn/public-20190227-Foirk3qbpllSIvR2QE04rt2uj8Vr?imageView2/1/w/380/h/285
双井  首城国际 1室1厅,https://www.danke.com/room/1403302641.html,建筑面积约45㎡,15楼,10号线、7号线,双井站,750米,https://public.danke.com.cn/public-20180905-FmfX0if-c-4itpwMqAQkt0muJvAw?imageView2/1/w/380/h/285
临河里  群芳园 1室1厅,https://www.danke.com/room/1972455994.html,建筑面积约54㎡,4楼,八通线,临河里站,1200米,https://public.danke.com.cn/public-20181217-FnsyIRkKr4GEX2Psv8HkSsRkQKth?imageView2/1/w/380/h/285
十里河  弘善家园 1室1厅,https://www.danke.com/room/1437418541.html,建筑面积约51㎡,5楼,10号线、14号线东段、17号线,十里河站,700米,https://public.danke.com.cn/public-20181227-FovZe-A3F2uPTs09OWFR9fr6SlWq?imageView2/1/w/380/h/285
望京  望京西园三区 1室1厅,https://www.danke.com/room/737202996.html,建筑面积约87㎡,21楼,14号线东段、15号线,望京站,600米,https://public.danke.com.cn/public-20190323-FsCBteOcp-COc-jro0cvyF6jjAVy?imageView2/1/w/380/h/285
安华桥  裕中东里 1室1厅,https://www.danke.com/room/961254306.html,建筑面积约33㎡,5楼,8号线、12号线,安华桥站,450米,https://public.danke.com.cn/public-20190826-FuVzitujhzFJWLjTM76UGQ4_7LXr?imageView2/1/w/380/h/285
角门西  瑞丽江畔 1室1厅,https://www.danke.com/room/1285118888.html,建筑面积约46㎡,3楼,10号线、4号线大兴线,角门西站,350米,https://public.danke.com.cn/public-20190314-FpzmZzPfVrwdx6EdSYiFJhaPFEKb?imageView2/1/w/380/h/285
光熙门  西坝河北里 1室1厅,https://www.danke.com/room/697314303.html,建筑面积约42㎡,5楼,12号线、13号线,光熙门站,500米,https://public.danke.com.cn/public-20180914-FuTvOWvvN757lRvoBeF6M2AbrPEO?imageView2/1/w/380/h/285
丰台南路  韩庄子二里 1室1厅,https://www.danke.com/room/1691272725.html,建筑面积约38㎡,5楼,9号线,丰台南路站,700米,https://public.danke.com.cn/public-20190310-FjexaTbY0y7V-2Mu-DTzPIjkWiiv?imageView2/1/w/380/h/285
临河里  海棠湾一期 1室1厅,https://www.danke.com/room/1384873026.html,建筑面积约46㎡,2楼,八通线,临河里站,1250米,https://public.danke.com.cn/public-20190603-FtzEzVLf6UR6_UFE501u51Np05fz?imageView2/1/w/380/h/285
六里桥  海淀九号 1室1厅,https://www.danke.com/room/1706727279.html,建筑面积约65㎡,28楼,9号线、10号线,六里桥站,1200米,https://public.danke.com.cn/public-20171108-FntLhqLTb2ZdVnmvcrGc-REZyCyV?imageView2/1/w/380/h/285
首经贸  康庄东路19号院 1室1厅,https://www.danke.com/room/760924171.html,建筑面积约38㎡,1楼,10号线、房山线,首经贸站,900米,https://public.danke.com.cn/public-20190514-Fs4iLaOPyHcJ58_mjnUJhV1g8Umc?imageView2/1/w/380/h/285
五棵松  太平路甲20号院 1室1厅,https://www.danke.com/room/1317993009.html,建筑面积约40㎡,6楼,1号线,五棵松站,950米,https://public.danke.com.cn/public-20190124-FnlOTmgavz7pyBrO_oO8rzQZNGG2?imageView2/1/w/380/h/285
八角游乐园  西引力 1室1厅,https://www.danke.com/room/1996490994.html,建筑面积约46㎡,1楼,1号线,八角游乐园站,650米,https://public.danke.com.cn/public-20181009-FhC6dyxs7SovIVV4MXlWT_b9ZWN6?imageView2/1/w/380/h/285
建国门  长安国际 1室1厅,https://www.danke.com/room/1089523770.html,建筑面积约45㎡,8楼,1号线、2号线,建国门站,800米,https://public.danke.com.cn/public-20181010-FqELWpFONkIKKOe5mbHCd7IO1oqG?imageView2/1/w/380/h/285
双井  百环家园 1室1厅,https://www.danke.com/room/1216529108.html,建筑面积约57㎡,2楼,10号线、7号线,双井站,550米,https://public.danke.com.cn/public-20181018-FvEPphzoG2XXCa2Jotm8uFlNmC_5?imageView2/1/w/380/h/285
大郊亭  后现代城 1室1厅,https://www.danke.com/room/1784553214.html,建筑面积约50㎡,1楼,7号线,大郊亭站,650米,https://public.danke.com.cn/public-20190726-FiQVGicHnWMJateP3let61AsB0Gg?imageView2/1/w/380/h/285
果园  后南仓 1室1厅,https://www.danke.com/room/699647483.html,建筑面积约40㎡,5楼,八通线,果园站,1050米,https://public.danke.com.cn/public-20190824-Fhw0sK1f3UV_gK3E3JY-ZJKVR8ke?imageView2/1/w/380/h/285
传媒大学  新动力 1室1厅,https://www.danke.com/room/1648465865.html,建筑面积约68㎡,5楼,八通线,传媒大学站,1250米,https://public.danke.com.cn/public-20180804-FmqEtmsia8ImkFNZk5I7q7t71CAy?imageView2/1/w/380/h/285
土桥  方恒东景 1室1厅,https://www.danke.com/room/127368387.html,建筑面积约55㎡,11楼,八通线,土桥站,250米,https://public.danke.com.cn/public-20190314-Fmb99Ey77rERT0kfVwx0fLz0e8bs?imageView2/1/w/380/h/285
张郭庄  红山郡 1室1厅,https://www.danke.com/room/1027885237.html,建筑面积约48㎡,18楼,14号线,西段张郭庄站,1750米,https://public.danke.com.cn/public-20190228-FmSxv32bJo5VhA5WI1SzMC1e8umF?imageView2/1/w/380/h/285
双桥  东柳西里 1室1厅,https://www.danke.com/room/2123846728.html,建筑面积约38㎡,4楼,八通线,双桥站,900米,https://public.danke.com.cn/public-20181014-FuOVFY4Z2VLIT3R9lBWeu-IprCv6?imageView2/1/w/380/h/285
亦庄桥  富源里 1室1厅,https://www.danke.com/room/1218188136.html,建筑面积约63㎡,3楼,亦庄线,亦庄桥站,350米,https://public.danke.com.cn/public-20181202-Fqvq70ji3UvdNZc3p7nx-4ofRu4U?imageView2/1/w/380/h/285
通州北关  财富东方 1室1厅,https://www.danke.com/room/1724049528.html,建筑面积约44㎡,26楼,6号线,通州北关站,800米,https://public.danke.com.cn/public-20190303-Foag7hgqWFgXHyyOHBf6iADIxPH4?imageView2/1/w/380/h/285
积水潭  新明胡同 2室1厅,https://www.danke.com/duanzu/1376756532.html,建筑面积约60㎡,9楼,2号线、19号线,积水潭站,1300米,https://public.danke.com.cn/public-20171128-FtpkoZlzO390tpJZ-Zf40fyKw7WD?imageView2/1/w/380/h/285
梨园  新城阳光 1室1厅,https://www.danke.com/room/1307985243.html,建筑面积约43㎡,13楼,八通线,梨园站,450米,https://public.danke.com.cn/public-20180805-Fs5YeJsfSze39-1PB2DyjlJGD4Qu?imageView2/1/w/380/h/285
金台路  金台里 1室1厅,https://www.danke.com/room/753843511.html,建筑面积约44㎡,1楼,6号线、14号线,东段金台路站,550米,https://public.danke.com.cn/public-20190314-FvLrTyMtOLnBbHnPZMrI9y0HdnGn?imageView2/1/w/380/h/285
立水桥南  北苑家园望春园 1室1厅,https://www.danke.com/room/1817482890.html,建筑面积约33㎡,1楼,5号线,立水桥南站,600米,https://public.danke.com.cn/public-20190613-FjQFwUXDrMGnA5wmkutsvWHy_bgs?imageView2/1/w/380/h/285
青年路  珠江罗马嘉园西区 1室1厅,https://www.danke.com/room/203564726.html,建筑面积约63㎡,8楼,6号线,青年路站,500米,https://public.danke.com.cn/public-20190129-FgWGajbym9V6XSpZYJUmaJPBZ2HG?imageView2/1/w/380/h/285
永丰南  永旺家园五区 1室1厅,https://www.danke.com/room/1878311672.html,建筑面积约44㎡,6楼,16号线,永丰南站,300米,https://public.danke.com.cn/public-20190313-Fr7N06EN1MjRVDpr6tvU4TK4Elqt?imageView2/1/w/380/h/285
海户屯  珠江骏景南区 1室1厅,https://www.danke.com/room/832160500.html,建筑面积约66㎡,11楼,8号线,南段海户屯站,400米,https://public.danke.com.cn/public-20190817-FhTucTexpLYjV8EP9nieArRNcFM6?imageView2/1/w/380/h/285
双桥  东柳西里 1室1厅,https://www.danke.com/room/335441963.html,建筑面积约33㎡,5楼,八通线,双桥站,900米,https://public.danke.com.cn/public-20180822-FkSfBDCOVf7WUNqmOvMNalJZRxdQ?imageView2/1/w/380/h/285
陶然亭  平原里小区 1室1厅,https://www.danke.com/room/214317521.html,建筑面积约44㎡,1楼,4号线大兴线,陶然亭站,350米,https://public.danke.com.cn/public-20190320-Fihe_EzKT7zpv3xNp_scslceDiPV?imageView2/1/w/380/h/285
成寿寺  中海城风情苑 1室1厅,https://www.danke.com/room/354624172.html,建筑面积约42㎡,1楼,10号线,成寿寺站,350米,https://public.danke.com.cn/public-20171213-FvTQqe3lCFeronv6TMNn0pPhPCma?imageView2/1/w/380/h/285
丰台南路  韩庄子二里 1室0厅,https://www.danke.com/room/1493641202.html,建筑面积约40㎡,5楼,9号线,丰台南路站,700米,https://public.danke.com.cn/public-20190826-Fv9g3OFvyDjO6ir0bO3A9jD0AXdm?imageView2/1/w/380/h/285
果园  果园西小区 1室1厅,https://www.danke.com/room/1182801580.html,建筑面积约62㎡,1楼,八通线,果园站,450米,https://public.danke.com.cn/public-20190821-Fu5iC7YZCUnlx2XLGM0pS4xUy-oj?imageView2/1/w/380/h/285
大红门  建欣苑四里 1室1厅,https://www.danke.com/duanzu/1030693231.html,建筑面积约57㎡,1楼,8号线南段、10号线,大红门站,550米,https://public.danke.com.cn/public-20180131-FmE47o9Sx2MCUgejToW5-cRpVqfa?imageView2/1/w/380/h/285
东直门  东直门外大街 1室1厅,https://www.danke.com/room/143124577.html,建筑面积约39㎡,16楼,2号线、13号线、机场线,东直门站,850米,https://public.danke.com.cn/public-20180206-Fg2lDk3pWP4_ucgCOsHVqDmWaZq0?imageView2/1/w/380/h/285
新宫  公园懿府 1室1厅,https://www.danke.com/room/671030607.html,建筑面积约53㎡,14楼,4号线大兴线、19号线,新宫站,2400米,https://public.danke.com.cn/public-20180609-Fj42JGkst7TtCIt7Ij2ei9rbNoF4?imageView2/1/w/380/h/285
管庄  零点特区 1室1厅,https://www.danke.com/room/1128074046.html,建筑面积约43㎡,6楼,八通线,管庄站,1000米,https://public.danke.com.cn/public-20180731-FkjMWGc8aZ6qz9y0opohSaqMt3yo?imageView2/1/w/380/h/285
海户屯  西罗园南里 1室1厅,https://www.danke.com/room/265505327.html,建筑面积约47㎡,6楼,8号线,南段海户屯站,650米,https://public.danke.com.cn/public-20180814-FglU-jmXkp2XiOtzQMMCl9aBV4zr?imageView2/1/w/380/h/285
和平里北街  安外大街80号院 1室1厅,https://www.danke.com/room/465918254.html,建筑面积约41㎡,2楼,5号线,和平里北街站,800米,https://public.danke.com.cn/public-20181010-FuvOO8QX2wCOabDkg6dCjX4Mb-Gx?imageView2/1/w/380/h/285
潘家园  华威西里 1室1厅,https://www.danke.com/room/98926562.html,建筑面积约41㎡,3楼,10号线,潘家园站,650米,https://public.danke.com.cn/public-20190427-Fqz-6l7453e6AkXfmNIIpTxPhZav?imageView2/1/w/380/h/285
刘家窑  赵公口小区 1室1厅,https://www.danke.com/room/1163365288.html,建筑面积约28㎡,18楼,5号线,刘家窑站,800米,https://public.danke.com.cn/public-20190219-FiOUqeehzzbc9muFTw_C8hdZB2O4?imageView2/1/w/380/h/285
管庄  杨闸新村 1室1厅,https://www.danke.com/room/1954726377.html,建筑面积约60㎡,18楼,八通线,管庄站,650米,https://public.danke.com.cn/public-20181129-FinJ4ehKlyxp5Ee3UgQk6yy2ei44?imageView2/1/w/380/h/285
九龙山  苹果社区南区 1室1厅,https://www.danke.com/room/470503504.html,建筑面积约60㎡,16楼,7号线、14号线,东段九龙山站,800米,https://public.danke.com.cn/public-20181203-FmbyEcYDWnGuqrmR2WKY5jTpdRLS?imageView2/1/w/380/h/285
果园  果园231号 1室1厅,https://www.danke.com/room/1850367975.html,建筑面积约57㎡,3楼,八通线,果园站,200米,https://public.danke.com.cn/public-20190411-Fr2h5L0S2XCMLojQhgzMDxVSrrjp?imageView2/1/w/380/h/285
果园  靓景明居 1室1厅,https://www.danke.com/room/1751885325.html,建筑面积约76㎡,3楼,八通线,果园站,1300米,https://public.danke.com.cn/public-20190824-FqDil34hbXMQOA7KVjoip6g3AKdG?imageView2/1/w/380/h/285
金台夕照  呼家楼新街大院 2室1厅,https://www.danke.com/room/142580376.html,建筑面积约58㎡,10楼,10号线,金台夕照站,600米,https://public.danke.com.cn/public-20180425-FjE9-nwUjqthxdtfHgjScWeMtlKT?imageView2/1/w/380/h/285
永泰庄  清润家园 1室1厅,https://www.danke.com/room/326141700.html,建筑面积约51㎡,1楼,8号线,永泰庄站,750米,https://public.danke.com.cn/public-20181104-FsQ3XIXc74X_I68gWhrgGVVGz_PF?imageView2/1/w/380/h/285
积水潭  新风南里 1室1厅,https://www.danke.com/room/777734781.html,建筑面积约60㎡,3楼,2号线、19号线,积水潭站,1350米,https://public.danke.com.cn/public-20181107-Fqmx75MJ2u8dWqa2ZrFluK9VQOY_?imageView2/1/w/380/h/285
达官营  红莲南里 1室1厅,https://www.danke.com/room/1303766385.html,建筑面积约60㎡,5楼,7号线、16号线,达官营站,1200米,https://public.danke.com.cn/public-20190302-FoeiMxcItTvH--FUJ4KbI7KydIH3?imageView2/1/w/380/h/285
管庄  杨闸新村 1室1厅,https://www.danke.com/room/2040512865.html,建筑面积约60㎡,1楼,八通线,管庄站,650米,https://public.danke.com.cn/public-20190220-FnjFdXRqRb1LUSj8QVIfnoh5Bwfp?imageView2/1/w/380/h/285
望京西  北京香颂 1室1厅,https://www.danke.com/room/1006110673.html,建筑面积约47㎡,7楼,13号线、15号线、17号线,望京西站,550米,https://public.danke.com.cn/public-20171123-FvS9VSQsu-7HOZjW9TX8xsAOkiJa?imageView2/1/w/380/h/285
新宫  德鑫嘉园二期 1室1厅,https://www.danke.com/room/1962345399.html,建筑面积约50㎡,5楼,4号线大兴线、19号线,新宫站,700米,https://public.danke.com.cn/public-20180720-FgGFXTeVV00bIzkWaU90t3yclia_?imageView2/1/w/380/h/285
双桥  东柳西里 1室1厅,https://www.danke.com/room/1986346185.html,建筑面积约40㎡,4楼,八通线,双桥站,900米,https://public.danke.com.cn/public-20180822-Fl3p8d0y00DNxmIZ1WXERcCKRuTf?imageView2/1/w/380/h/285
双桥  东柳西里 1室1厅,https://www.danke.com/room/1531218159.html,建筑面积约38㎡,4楼,八通线,双桥站,900米,https://public.danke.com.cn/public-20180822-FmP5cgitUUuikWqD81tMY70p-BbR?imageView2/1/w/380/h/285
军事博物馆  乔建里 1室1厅,https://www.danke.com/room/1721083953.html,建筑面积约41㎡,4楼,1号线、9号线,军事博物馆站,650米,https://public.danke.com.cn/public-20190426-Fik9rwV2lEZOJusE9ZYMMzL5TsaS?imageView2/1/w/380/h/285
朝阳门  朝阳门内大街 1室1厅,https://www.danke.com/room/817754612.html,建筑面积约42㎡,4楼,2号线、6号线,朝阳门站,550米,https://public.danke.com.cn/public-20181113-FrEDq-mM_Oj7oV1GaYK21AelTC_H?imageView2/1/w/380/h/285
双井  非常生活 2室1厅,https://www.danke.com/room/2087091782.html,建筑面积约84㎡,2楼,10号线、7号线,双井站,600米,https://public.danke.com.cn/public-20170817-Fs94BBb5KvDi4tuuu1hF56KUzqQA?imageView2/1/w/380/h/285
和平里北街  甘水桥 1室1厅,https://www.danke.com/room/694372184.html,建筑面积约40㎡,4楼,5号线,和平里北街站,850米,https://public.danke.com.cn/public-20180321-Fp_pUDqY3bxqERyuZS-V8zU1YkAF?imageView2/1/w/380/h/285
九棵树  葛布店南里 1室1厅,https://www.danke.com/room/175626866.html,建筑面积约42㎡,4楼,八通线,九棵树站,300米,https://public.danke.com.cn/public-20190404-FncZnKFadFvUUpLn8KqqQVPPMYkD?imageView2/1/w/380/h/285
宋家庄  政馨园一区 1室1厅,https://www.danke.com/room/836573841.html,建筑面积约54㎡,8楼,5号线、10号线、亦庄线,宋家庄站,400米,https://public.danke.com.cn/public-20190227-FmdvA6gHzqclIgNj9la6DfDFDwco?imageView2/1/w/380/h/285
丰台站  三环新城7号院 1室1厅,https://www.danke.com/room/993204869.html,建筑面积约42㎡,4楼,10号线、16号线,丰台站站,450米,https://public.danke.com.cn/public-20190104-FkFZBA2mJsk5vbrp-JLZS2ZsCW1h?imageView2/1/w/380/h/285
海户屯  西罗园南里 2室1厅,https://www.danke.com/room/881110238.html,建筑面积约62㎡,3楼,8号线,南段海户屯站,650米,https://public.danke.com.cn/public-20180315-FoL-ZtP-ooQG0iPj1UzuSbU7SVnP?imageView2/1/w/380/h/285
褡裢坡  金星小区 1室1厅,https://www.danke.com/room/1056512774.html,建筑面积约42㎡,6楼,6号线,褡裢坡站,950米,https://public.danke.com.cn/public-20180623-FiPVGAW_KQd_Q6FcU9kUWxOt5z1n?imageView2/1/w/380/h/285
大望路  光华路 1室1厅,https://www.danke.com/room/1013959917.html,建筑面积约35㎡,1楼,1号线、14号线,东段大望路站,550米,https://public.danke.com.cn/public-20180816-Ftj83wcEJ2Nv-5rV5RVEJWy_Y25M?imageView2/1/w/380/h/285
广阳城  世茂维拉 1室1厅,https://www.danke.com/room/1201608304.html,建筑面积约59㎡,4楼,房山线,广阳城站,700米,https://public.danke.com.cn/public-20180730-Fu_dwl3yAQFAOlaByd7ISsBXWHVh?imageView2/1/w/380/h/285
果园  新城南关 1室1厅,https://www.danke.com/room/1476176300.html,建筑面积约53㎡,3楼,八通线,果园站,1050米,https://public.danke.com.cn/public-20190404-Fn9-9c1J6gMH1Dh3ax0AhVl21ib_?imageView2/1/w/380/h/285
梨园  新通国际花园 1室1厅,https://www.danke.com/room/54035064.html,建筑面积约51㎡,9楼,八通线,梨园站,400米,https://public.danke.com.cn/public-20180816-FjcERMD8RR_6tV-flCKz4ENUR-NS?imageView2/1/w/380/h/285
北京南站  玉林东里三区 1室1厅,https://www.danke.com/room/1541568308.html,建筑面积约35㎡,1楼,4号线大兴线、14号线,东段北京南站站,1400米,https://public.danke.com.cn/public-20180911-Fhp9TulWXgAEILcBjjQX4k5huxSZ?imageView2/1/w/380/h/285
安华桥  双旗杆东里 1室1厅,https://www.danke.com/room/1275084993.html,建筑面积约50㎡,3楼,8号线、12号线,安华桥站,650米,https://public.danke.com.cn/public-20190826-Fj-fZcAdQGC-ewpwHShXOuhzNxF7?imageView2/1/w/380/h/285
永丰  大牛坊一期 1室1厅,https://www.danke.com/room/26975906.html,建筑面积约43㎡,4楼,16号线,永丰站,1250米,https://public.danke.com.cn/public-20180321-FgqedTKT1aDUH8HpQpFqLXi-9fIl?imageView2/1/w/380/h/285
次渠南  次渠锦园北区 1室1厅,https://www.danke.com/room/613439904.html,建筑面积约43㎡,18楼,亦庄线,次渠南站,350米,https://public.danke.com.cn/public-20180820-FrADyWXCKLRZWYtDtur2LHnpHQ0N?imageView2/1/w/380/h/285
草房  金隅丽景园 1室1厅,https://www.danke.com/room/1459481639.html,建筑面积约49㎡,24楼,6号线,草房站,200米,https://public.danke.com.cn/public-20181207-FpPByvegsVFI1jHUf9IhSKolLrDa?imageView2/1/w/380/h/285
八角游乐园  西引力 1室1厅,https://www.danke.com/room/1484792042.html,建筑面积约46㎡,1楼,1号线,八角游乐园站,650米,https://public.danke.com.cn/public-20181221-Flk4ZmgxKaIu5xf-y-sxIyXAkOqm?imageView2/1/w/380/h/285
四惠  通惠家园惠泽园 1室1厅,https://www.danke.com/room/1319611134.html,建筑面积约58㎡,6楼,1号线、八通线,四惠站,350米,https://public.danke.com.cn/public-20190213-FsoP1jpeW7jDmTPwFFJ4sYPMxOG5?imageView2/1/w/380/h/285
古城  八角北路 1室1厅,https://www.danke.com/room/169346004.html,建筑面积约36㎡,2楼,1号线,古城站,1000米,https://public.danke.com.cn/public-20190403-FmR0UDjb5K37tH2GaekzDZHd62N2?imageView2/1/w/380/h/285
和平里北街  和平里五区 1室1厅,https://www.danke.com/room/1160023375.html,建筑面积约40㎡,6楼,5号线,和平里北街站,400米,https://public.danke.com.cn/public-20190305-FsjrJoL3qkvN2QP3WbIVA42Y3G_9?imageView2/1/w/380/h/285
八宝山  远洋山水 1室1厅,https://www.danke.com/room/1344181894.html,建筑面积约52㎡,22楼,1号线,八宝山站,650米,https://public.danke.com.cn/public-20190514-ForWlorwGJeSQl5uxZCWhsJ1Jorz?imageView2/1/w/380/h/285
达官营  荣丰2008 1室1厅,https://www.danke.com/room/467368019.html,建筑面积约33㎡,18楼,7号线、16号线,达官营站,450米,https://public.danke.com.cn/public-20181030-FqJNNSWnHoTVQhtX_7C4nwuyo02_?imageView2/1/w/380/h/285
国贸  恋日国际 1室1厅,https://www.danke.com/room/1714976726.html,建筑面积约52㎡,11楼,1号线、10号线,国贸站,450米,https://public.danke.com.cn/public-20190320-FoPVDrhdcsB5JI0PSlhg7vs1T44K?imageView2/1/w/380/h/285
大郊亭  后现代城 1室1厅,https://www.danke.com/room/77247311.html,建筑面积约62㎡,6楼,7号线,大郊亭站,650米,https://public.danke.com.cn/public-20181111-FiCRyttWTeyaiJkXURAF8NS72H_h?imageView2/1/w/380/h/285
万寿路  翠微南里 1室1厅,https://www.danke.com/room/1298958251.html,建筑面积约36㎡,5楼,1号线,万寿路站,600米,https://public.danke.com.cn/public-20190223-FtDmtV4pT16VnOcWgdWluQSQqrTT?imageView2/1/w/380/h/285
马家堡  玺萌鹏苑 1室1厅,https://www.danke.com/room/199188818.html,建筑面积约57㎡,11楼,4号线大兴线,马家堡站,750米,https://public.danke.com.cn/public-20190315-Ft35jIuhnrN8ykrfJ_lpgUESORwp?imageView2/1/w/380/h/285
九棵树  翠屏南里 1室1厅,https://www.danke.com/room/932640554.html,建筑面积约51㎡,5楼,八通线,果园站,1100米,https://public.danke.com.cn/public-20190821-FqR-wMsezSgNCtfCRMuH13txe3t9?imageView2/1/w/380/h/285
上地  当代城市家园 1室1厅,https://www.danke.com/room/1976592739.html,建筑面积约46㎡,5楼,13号线,上地站,1300米,https://public.danke.com.cn/public-20180714-FhKfx7mdAL7qRYxdanSBIlkH812y?imageView2/1/w/380/h/285
将台  电子城小区 2室1厅,https://www.danke.com/room/1159414415.html,建筑面积约69㎡,2楼,14号线,东段将台站,1150米,https://public.danke.com.cn/public-20181130-Fgb_ChbZ2cOYAdkkWq5hGimpkESg?imageView2/1/w/380/h/285
临河里  小街之春 1室1厅,https://www.danke.com/room/1752973358.html,建筑面积约53㎡,1楼,八通线,临河里站,850米,https://public.danke.com.cn/public-20181206-FrlmcT0U9WXR_uWA4-zSSMq9QI11?imageView2/1/w/380/h/285
永定门外  城市亮点 1室1厅,https://www.danke.com/room/1025258376.html,建筑面积约47㎡,7楼,8号线南段、14号线,东段永定门外站,250米,https://public.danke.com.cn/public-20190125-FhHDrgANNEA3ikIPouZFnr-F3TMd?imageView2/1/w/380/h/285
黄渠  柏林爱乐二期 1室1厅,https://www.danke.com/room/599909124.html,建筑面积约49㎡,8楼,6号线,黄渠站,850米,https://public.danke.com.cn/public-20190704-Fp5NRfcZB3-xflfEIIxgQ6Dn84Ai?imageView2/1/w/380/h/285
通州北苑  长城国际 1室1厅,https://www.danke.com/room/420550368.html,建筑面积约52㎡,14楼,八通线,通州北苑站,1050米,https://public.danke.com.cn/public-20190730-FsksnqmDCj8nT_Y-rWbSz8_yblWg?imageView2/1/w/380/h/285
通州北苑  长城国际 1室0厅,https://www.danke.com/room/12699474.html,建筑面积约53㎡,14楼,八通线,通州北苑站,1050米,https://public.danke.com.cn/public-20190726-FrZGyt1oHUMQYYdvXGaZfJpOgZ8s?imageView2/1/w/380/h/285
大郊亭  后现代城 1室1厅,https://www.danke.com/room/999662739.html,建筑面积约47㎡,3楼,7号线,大郊亭站,650米,https://public.danke.com.cn/public-20190630-Fl_bp5WZfKKlAlZWD0G2mLc2VSIX?imageView2/1/w/380/h/285
通州北苑  通惠南路 1室1厅,https://www.danke.com/room/1044507298.html,建筑面积约65㎡,1楼,八通线,通州北苑站,650米,https://public.danke.com.cn/public-20190320-Fs8L9Ow2ewU1u7H9cUI99D3B0qmZ?imageView2/1/w/380/h/285
物资学院路  永顺家园 1室1厅,https://www.danke.com/room/2043837746.html,建筑面积约49㎡,5楼,6号线,物资学院路站,700米,https://public.danke.com.cn/public-20190305-Flz1NdEL-8sfgZNVhnJiETJ2FOn3?imageView2/1/w/380/h/285
广渠门外  冠城名敦道 1室1厅,https://www.danke.com/room/1090421843.html,建筑面积约63㎡,13楼,7号线、17号线,广渠门外站,100米,https://public.danke.com.cn/public-20180317-FgNE_Nw27g19Ms3m1shH7bGkYcgP?imageView2/1/w/380/h/285
广阳城  广阳城新区 1室1厅,https://www.danke.com/room/1131247863.html,建筑面积约56㎡,3楼,房山线,广阳城站,300米,https://public.danke.com.cn/public-20190410-FkXcWhx4g17MF6dQJJ5Z5UhTE3dr?imageView2/1/w/380/h/285
万源街  博客雅居 1室1厅,https://www.danke.com/room/59350158.html,建筑面积约56㎡,3楼,亦庄线,万源街站,650米,https://public.danke.com.cn/public-20190422-FoCGwQJfHfMw-nnOWXWDJMWMaHkf?imageView2/1/w/380/h/285
北工大西门  双龙南里 1室1厅,https://www.danke.com/room/486168313.html,建筑面积约47㎡,3楼,14号线,东段北工大西门站,450米,https://public.danke.com.cn/public-20190106-FmI1Pi-OKCprJSLzpwdtXoXmuwET?imageView2/1/w/380/h/285
荣京东街  福安公寓 1室1厅,https://www.danke.com/room/954174880.html,建筑面积约40㎡,2楼,亦庄线,荣京东街站,3500米,https://public.danke.com.cn/public-20190423-FqEsFkBK8Ngd9Do9vLRbIehEMAY9?imageView2/1/w/380/h/285
马家堡  嘉园一里 1室1厅,https://www.danke.com/room/1335965496.html,建筑面积约41㎡,7楼,4号线大兴线,马家堡站,50米,https://public.danke.com.cn/public-20171129-FohC46C_i0-LCs8EqkklH9nRTZ5p?imageView2/1/w/380/h/285
褡裢坡  天泰定福苑 1室1厅,https://www.danke.com/room/2076602267.html,建筑面积约52㎡,4楼,6号线,褡裢坡站,650米,https://public.danke.com.cn/public-20180124-FnfKW9gHkZldFMJwkfqc57Eq59Uh?imageView2/1/w/380/h/285
蒲黄榆  gogo新世代 1室1厅,https://www.danke.com/room/1669909317.html,建筑面积约29㎡,21楼,5号线、14号线,东段蒲黄榆站,100米,https://public.danke.com.cn/public-20190315-FlnHdmxfguVOex8IzQotdjgJdeIV?imageView2/1/w/380/h/285
次渠南  次渠家园东里1区 1室1厅,https://www.danke.com/room/451172538.html,建筑面积约45㎡,7楼,亦庄线,次渠南站,250米,https://public.danke.com.cn/public-20180508-FiP34GbGWkHukvQGUxId7JTc1SN8?imageView2/1/w/380/h/285
光熙门  光熙门北里 2室1厅,https://www.danke.com/room/1370831757.html,建筑面积约63㎡,8楼,12号线、13号线,光熙门站,350米,https://public.danke.com.cn/public-20181122-Fs4a5e309WJr3GGQRL985VnYuxNb?imageView2/1/w/380/h/285
通州北关  新光大中心 1室1厅,https://www.danke.com/duanzu/632338681.html,建筑面积约47㎡,24楼,6号线,通州北关站,350米,https://public.danke.com.cn/public-20171123-FtNhZBFK8vvzizjgb2k8RNlrJv4Y?imageView2/1/w/380/h/285
果园  京洲园 2室1厅,https://www.danke.com/room/1951729604.html,建筑面积约91㎡,2楼,八通线,果园站,1700米,https://public.danke.com.cn/public-20190829-FskXPhj0f3MFgrQOePGarz6C5hnQ?imageView2/1/w/380/h/285
梨园  玉桥南里 2室1厅,https://www.danke.com/room/1309391708.html,建筑面积约62㎡,5楼,八通线,梨园站,1350米,https://public.danke.com.cn/public-20190829-Fhj593qhTJPQ7-XbtYkiUmouCaYE?imageView2/1/w/380/h/285
果园  京洲园 2室1厅,https://www.danke.com/room/611326854.html,建筑面积约89㎡,7楼,八通线,果园站,1700米,https://public.danke.com.cn/public-20190829-FtQcF7OJBeMWE_8Qm7Xw9XuFAzBk?imageView2/1/w/380/h/285
磁器口  兴隆都市馨园 1室1厅,https://www.danke.com/room/1214367558.html,建筑面积约28㎡,1楼,5号线、7号线,磁器口站,400米,https://public.danke.com.cn/public-20171122-FspV98whCsBw7gFcBZSp6AbuYbxn?imageView2/1/w/380/h/285
